type,title,content,isPinned,commentsEnabled
question,"Nam congue, risus semper porta volutpat, quam pede lobortis ligula, sit amet eleifend pede libero quis orci.",password123,false,false
assignment,Proin interdum mauris non ligula pellentesque ultrices.,password123,true,true
announcement,Cras pellentesque volutpat dui.,password123,false,false
question,Phasellus id sapien in sapien iaculis congue.,password123,false,true
announcement,Vivamus in felis eu sapien cursus vestibulum.,password123,true,true
material,"Morbi sem mauris, laoreet ut, rhoncus aliquet, pulvinar sed, nisl.",password123,true,false
assignment,Nunc rhoncus dui vel sem.,password123,true,true
assignment,Nulla tellus.,password123,true,true
announcement,Phasellus sit amet erat.,password123,false,true
assignment,"Fusce congue, diam id ornare imperdiet, sapien urna pretium nisl, ut volutpat sapien arcu sed augue.",password123,true,true
assignment,Donec ut dolor.,password123,false,false
material,"Quisque arcu libero, rutrum ac, lobortis vel, dapibus at, diam.",password123,true,true
material,Nulla suscipit ligula in lacus.,password123,false,false
announcement,"Nam congue, risus semper porta volutpat, quam pede lobortis ligula, sit amet eleifend pede libero quis orci.",password123,false,false
assignment,Aenean sit amet justo.,password123,true,false
material,"In est risus, auctor sed, tristique in, tempus sit amet, sem.",password123,false,true
announcement,Praesent blandit lacinia erat.,password123,false,true
assignment,Duis at velit eu est congue elementum.,password123,false,false
assignment,"Quisque erat eros, viverra eget, congue eget, semper rutrum, nulla.",password123,false,false
material,In hac habitasse platea dictumst.,password123,true,true
question,Nulla suscipit ligula in lacus.,password123,true,true
assignment,In hac habitasse platea dictumst.,password123,false,true
question,Nulla facilisi.,password123,true,false
question,Etiam pretium iaculis justo.,password123,false,false
question,Mauris ullamcorper purus sit amet nulla.,password123,true,true
announcement,Duis bibendum.,password123,true,true
assignment,Proin risus.,password123,false,true
question,Vivamus vel nulla eget eros elementum pellentesque.,password123,false,false
announcement,"Cum sociis natoque penatibus et magnis dis parturient montes, nascetur ridiculus mus.",password123,false,true
announcement,Nulla tempus.,password123,true,false
question,"Nam congue, risus semper porta volutpat, quam pede lobortis ligula, sit amet eleifend pede libero quis orci.",password123,false,false
question,Phasellus sit amet erat.,password123,true,true
announcement,Fusce posuere felis sed lacus.,password123,true,true
question,Sed vel enim sit amet nunc viverra dapibus.,password123,false,true
question,Fusce consequat.,password123,false,false
material,In sagittis dui vel nisl.,password123,true,true
assignment,In congue.,password123,true,false
material,Donec posuere metus vitae ipsum.,password123,true,false
announcement,Sed ante.,password123,true,false
material,In hac habitasse platea dictumst.,password123,false,false
announcement,"Fusce congue, diam id ornare imperdiet, sapien urna pretium nisl, ut volutpat sapien arcu sed augue.",password123,false,false
material,Duis consequat dui nec nisi volutpat eleifend.,password123,false,false
assignment,Integer a nibh.,password123,true,false
material,Sed vel enim sit amet nunc viverra dapibus.,password123,true,false
assignment,Sed ante.,password123,false,true
material,Vivamus tortor.,password123,false,false
material,Phasellus in felis.,password123,true,false
question,Integer ac neque.,password123,true,true
question,"Quisque erat eros, viverra eget, congue eget, semper rutrum, nulla.",password123,true,false
announcement,"Proin leo odio, porttitor id, consequat in, consequat ut, nulla.",password123,false,false
question,Curabitur gravida nisi at nibh.,password123,true,false
material,Suspendisse potenti.,password123,true,true
announcement,Suspendisse potenti.,password123,false,false
question,"In tempor, turpis nec euismod scelerisque, quam turpis adipiscing lorem, vitae mattis nibh ligula nec sem.",password123,false,true
material,Cras pellentesque volutpat dui.,password123,true,true
announcement,Nam tristique tortor eu pede.,password123,true,false
question,Donec quis orci eget orci vehicula condimentum.,password123,true,false
announcement,Maecenas tincidunt lacus at velit.,password123,true,false
material,Ut at dolor quis odio consequat varius.,password123,true,true
announcement,Sed vel enim sit amet nunc viverra dapibus.,password123,false,true
material,Curabitur gravida nisi at nibh.,password123,true,false
question,Nulla suscipit ligula in lacus.,password123,false,false
assignment,Duis bibendum.,password123,true,false
question,Maecenas rhoncus aliquam lacus.,password123,false,false
question,Nulla justo.,password123,false,true
announcement,Nulla tempus.,password123,true,false
question,Suspendisse potenti.,password123,false,false
material,In blandit ultrices enim.,password123,false,true
question,Maecenas rhoncus aliquam lacus.,password123,false,false
announcement,Mauris sit amet eros.,password123,true,true
assignment,Nulla ac enim.,password123,true,false
announcement,"Maecenas leo odio, condimentum id, luctus nec, molestie sed, justo.",password123,true,false
announcement,Nullam porttitor lacus at turpis.,password123,false,false
material,"Fusce lacus purus, aliquet at, feugiat non, pretium quis, lectus.",password123,false,true
question,Quisque ut erat.,password123,true,false
question,Vestibulum ac est lacinia nisi venenatis tristique.,password123,false,false
question,Nunc purus.,password123,true,false
announcement,Donec ut mauris eget massa tempor convallis.,password123,true,false
question,"Morbi odio odio, elementum eu, interdum eu, tincidunt in, leo.",password123,true,false
announcement,"Maecenas leo odio, condimentum id, luctus nec, molestie sed, justo.",password123,false,false
question,In quis justo.,password123,false,false
assignment,Duis mattis egestas metus.,password123,false,false
material,In hac habitasse platea dictumst.,password123,true,false
question,Nulla justo.,password123,true,true
question,"Nulla neque libero, convallis eget, eleifend luctus, ultricies eu, nibh.",password123,true,true
material,Pellentesque at nulla.,password123,true,false
assignment,In hac habitasse platea dictumst.,password123,false,true
question,In hac habitasse platea dictumst.,password123,true,true
material,Vestibulum ante ipsum primis in faucibus orci luctus et ultrices posuere cubilia Curae; Nulla dapibus dolor vel est.,password123,false,false
question,"Fusce lacus purus, aliquet at, feugiat non, pretium quis, lectus.",password123,true,true
announcement,In hac habitasse platea dictumst.,password123,true,false
assignment,Morbi porttitor lorem id ligula.,password123,false,false
material,Maecenas ut massa quis augue luctus tincidunt.,password123,true,true
question,In sagittis dui vel nisl.,password123,false,false
question,Donec ut mauris eget massa tempor convallis.,password123,true,false
assignment,Nulla tempus.,password123,true,true
announcement,"Fusce lacus purus, aliquet at, feugiat non, pretium quis, lectus.",password123,false,false
material,"Fusce lacus purus, aliquet at, feugiat non, pretium quis, lectus.",password123,true,true
material,Vivamus vestibulum sagittis sapien.,password123,true,true
question,"Cum sociis natoque penatibus et magnis dis parturient montes, nascetur ridiculus mus.",password123,false,false
announcement,"Duis bibendum, felis sed interdum venenatis, turpis enim blandit mi, in porttitor pede justo eu massa.",password123,false,true
announcement,Pellentesque ultrices mattis odio.,password123,false,false
question,Nulla mollis molestie lorem.,password123,true,false
question,In blandit ultrices enim.,password123,false,false
assignment,Duis ac nibh.,password123,false,true
material,Pellentesque at nulla.,password123,false,false
announcement,Nulla ut erat id mauris vulputate elementum.,password123,true,false
announcement,Mauris sit amet eros.,password123,true,false
announcement,Integer a nibh.,password123,true,false
question,Vestibulum ac est lacinia nisi venenatis tristique.,password123,true,false
assignment,Suspendisse ornare consequat lectus.,password123,false,false
question,Nullam varius.,password123,true,false
question,Mauris lacinia sapien quis libero.,password123,true,false
question,Praesent blandit lacinia erat.,password123,false,false
assignment,Nulla ut erat id mauris vulputate elementum.,password123,false,false
announcement,Vivamus vestibulum sagittis sapien.,password123,true,true
material,Vivamus vestibulum sagittis sapien.,password123,false,true
announcement,"Maecenas tristique, est et tempus semper, est quam pharetra magna, ac consequat metus sapien ut nunc.",password123,true,true
assignment,Nunc purus.,password123,false,true
material,"Vestibulum quam sapien, varius ut, blandit non, interdum in, ante.",password123,true,false
question,Maecenas tincidunt lacus at velit.,password123,true,true
announcement,"Vivamus metus arcu, adipiscing molestie, hendrerit at, vulputate vitae, nisl.",password123,true,true
assignment,Aliquam non mauris.,password123,true,true
assignment,"Nam congue, risus semper porta volutpat, quam pede lobortis ligula, sit amet eleifend pede libero quis orci.",password123,false,true
material,Phasellus sit amet erat.,password123,false,false
material,"Maecenas leo odio, condimentum id, luctus nec, molestie sed, justo.",password123,false,false
announcement,Suspendisse accumsan tortor quis turpis.,password123,false,true
question,Sed vel enim sit amet nunc viverra dapibus.,password123,true,true
announcement,"Nullam orci pede, venenatis non, sodales sed, tincidunt eu, felis.",password123,true,true
announcement,Maecenas rhoncus aliquam lacus.,password123,true,false
question,Quisque ut erat.,password123,true,true
question,Nam nulla.,password123,false,true
question,"Cum sociis natoque penatibus et magnis dis parturient montes, nascetur ridiculus mus.",password123,false,true
assignment,"In tempor, turpis nec euismod scelerisque, quam turpis adipiscing lorem, vitae mattis nibh ligula nec sem.",password123,true,true
question,"Mauris enim leo, rhoncus sed, vestibulum sit amet, cursus id, turpis.",password123,false,false
assignment,"Morbi vestibulum, velit id pretium iaculis, diam erat fermentum justo, nec condimentum neque sapien placerat ante.",password123,false,true
material,"Cum sociis natoque penatibus et magnis dis parturient montes, nascetur ridiculus mus.",password123,false,true
question,In hac habitasse platea dictumst.,password123,true,false
assignment,Sed vel enim sit amet nunc viverra dapibus.,password123,false,true
announcement,Fusce posuere felis sed lacus.,password123,true,true
question,"In est risus, auctor sed, tristique in, tempus sit amet, sem.",password123,true,true
assignment,Cras in purus eu magna vulputate luctus.,password123,false,false
material,"Vestibulum ante ipsum primis in faucibus orci luctus et ultrices posuere cubilia Curae; Donec pharetra, magna vestibulum aliquet ultrices, erat tortor sollicitudin mi, sit amet lobortis sapien sapien non mi.",password123,false,true
material,Donec quis orci eget orci vehicula condimentum.,password123,false,true
announcement,Nulla nisl.,password123,true,false
question,Donec vitae nisi.,password123,true,true
material,Maecenas tincidunt lacus at velit.,password123,false,false
material,"Vestibulum ante ipsum primis in faucibus orci luctus et ultrices posuere cubilia Curae; Donec pharetra, magna vestibulum aliquet ultrices, erat tortor sollicitudin mi, sit amet lobortis sapien sapien non mi.",password123,true,true
announcement,Nulla ac enim.,password123,false,true
question,"Nullam orci pede, venenatis non, sodales sed, tincidunt eu, felis.",password123,true,false
announcement,Mauris sit amet eros.,password123,true,true
assignment,Vivamus vel nulla eget eros elementum pellentesque.,password123,true,false
assignment,Curabitur convallis.,password123,false,true
announcement,Donec vitae nisi.,password123,true,false
assignment,Duis aliquam convallis nunc.,password123,false,true
assignment,Nulla facilisi.,password123,true,false
question,Nulla tempus.,password123,false,true
question,"Cum sociis natoque penatibus et magnis dis parturient montes, nascetur ridiculus mus.",password123,false,true
assignment,Etiam justo.,password123,false,true
assignment,"Vestibulum quam sapien, varius ut, blandit non, interdum in, ante.",password123,false,true
question,"Nam congue, risus semper porta volutpat, quam pede lobortis ligula, sit amet eleifend pede libero quis orci.",password123,false,false
material,Integer tincidunt ante vel ipsum.,password123,false,true
material,Vestibulum rutrum rutrum neque.,password123,true,false
assignment,"Proin leo odio, porttitor id, consequat in, consequat ut, nulla.",password123,true,true
material,Sed accumsan felis.,password123,true,false
announcement,Praesent lectus.,password123,true,true
announcement,Praesent id massa id nisl venenatis lacinia.,password123,true,false
material,Cras in purus eu magna vulputate luctus.,password123,false,false
assignment,Suspendisse potenti.,password123,false,true
question,Phasellus sit amet erat.,password123,true,true
announcement,"Donec odio justo, sollicitudin ut, suscipit a, feugiat et, eros.",password123,true,false
question,Vivamus vel nulla eget eros elementum pellentesque.,password123,true,true
assignment,Morbi a ipsum.,password123,true,false
question,"Vestibulum quam sapien, varius ut, blandit non, interdum in, ante.",password123,true,true
material,In congue.,password123,true,false
question,"Nulla neque libero, convallis eget, eleifend luctus, ultricies eu, nibh.",password123,true,true
announcement,Quisque id justo sit amet sapien dignissim vestibulum.,password123,true,false
announcement,Integer ac neque.,password123,true,false
assignment,Nullam molestie nibh in lectus.,password123,false,true
assignment,Donec ut dolor.,password123,false,true
material,"Cum sociis natoque penatibus et magnis dis parturient montes, nascetur ridiculus mus.",password123,true,false
material,Maecenas tincidunt lacus at velit.,password123,false,false
question,Nam tristique tortor eu pede.,password123,true,false
announcement,Nullam sit amet turpis elementum ligula vehicula consequat.,password123,false,true
assignment,"Fusce lacus purus, aliquet at, feugiat non, pretium quis, lectus.",password123,false,true
announcement,Aenean auctor gravida sem.,password123,true,false
question,Donec dapibus.,password123,false,true
question,Duis aliquam convallis nunc.,password123,true,false
material,Pellentesque at nulla.,password123,false,true
question,Integer non velit.,password123,false,true
question,"Nam ultrices, libero non mattis pulvinar, nulla pede ullamcorper augue, a suscipit nulla elit ac nulla.",password123,false,true
assignment,"Maecenas tristique, est et tempus semper, est quam pharetra magna, ac consequat metus sapien ut nunc.",password123,true,false
assignment,Phasellus in felis.,password123,false,true
question,Cras pellentesque volutpat dui.,password123,true,false
announcement,Nullam porttitor lacus at turpis.,password123,false,true
announcement,Maecenas ut massa quis augue luctus tincidunt.,password123,false,true
material,Phasellus in felis.,password123,true,false
material,Vestibulum ante ipsum primis in faucibus orci luctus et ultrices posuere cubilia Curae; Mauris viverra diam vitae quam.,password123,true,true
assignment,Maecenas rhoncus aliquam lacus.,password123,true,false
material,Praesent lectus.,password123,false,false
announcement,In quis justo.,password123,false,true
announcement,Aenean lectus.,password123,false,true
announcement,Proin eu mi.,password123,false,false
assignment,Vestibulum sed magna at nunc commodo placerat.,password123,false,true
material,"Maecenas tristique, est et tempus semper, est quam pharetra magna, ac consequat metus sapien ut nunc.",password123,true,false
material,Praesent blandit lacinia erat.,password123,false,true
material,Cras pellentesque volutpat dui.,password123,true,false
assignment,Morbi a ipsum.,password123,true,true
question,Nullam varius.,password123,true,true
assignment,Integer ac neque.,password123,true,true
material,Mauris sit amet eros.,password123,false,true
assignment,Cras non velit nec nisi vulputate nonummy.,password123,true,true
assignment,Quisque id justo sit amet sapien dignissim vestibulum.,password123,true,false
material,"Vestibulum ante ipsum primis in faucibus orci luctus et ultrices posuere cubilia Curae; Donec pharetra, magna vestibulum aliquet ultrices, erat tortor sollicitudin mi, sit amet lobortis sapien sapien non mi.",password123,false,false
material,Nunc rhoncus dui vel sem.,password123,true,false
material,"Nam congue, risus semper porta volutpat, quam pede lobortis ligula, sit amet eleifend pede libero quis orci.",password123,false,false
material,Nulla tellus.,password123,false,true
material,"Integer pede justo, lacinia eget, tincidunt eget, tempus vel, pede.",password123,false,false
material,"Nam ultrices, libero non mattis pulvinar, nulla pede ullamcorper augue, a suscipit nulla elit ac nulla.",password123,true,false
question,Donec ut mauris eget massa tempor convallis.,password123,false,false
announcement,Nam tristique tortor eu pede.,password123,false,false
assignment,Proin interdum mauris non ligula pellentesque ultrices.,password123,true,false
announcement,Quisque porta volutpat erat.,password123,false,false
material,Vestibulum ante ipsum primis in faucibus orci luctus et ultrices posuere cubilia Curae; Mauris viverra diam vitae quam.,password123,true,true
question,Nulla ut erat id mauris vulputate elementum.,password123,false,false
material,Mauris sit amet eros.,password123,true,false
material,"Maecenas leo odio, condimentum id, luctus nec, molestie sed, justo.",password123,true,false
announcement,Nam dui.,password123,true,true
question,In blandit ultrices enim.,password123,true,true
question,Praesent blandit.,password123,true,true
question,Vestibulum ante ipsum primis in faucibus orci luctus et ultrices posuere cubilia Curae; Duis faucibus accumsan odio.,password123,true,true
assignment,Proin risus.,password123,false,true
material,Nullam porttitor lacus at turpis.,password123,true,false
announcement,Nam dui.,password123,true,false
assignment,Aliquam sit amet diam in magna bibendum imperdiet.,password123,false,true
material,Aenean auctor gravida sem.,password123,false,true
announcement,"Mauris enim leo, rhoncus sed, vestibulum sit amet, cursus id, turpis.",password123,true,true
assignment,In sagittis dui vel nisl.,password123,true,false
assignment,Nulla justo.,password123,true,true
question,Integer non velit.,password123,true,false
question,"Vestibulum ante ipsum primis in faucibus orci luctus et ultrices posuere cubilia Curae; Donec pharetra, magna vestibulum aliquet ultrices, erat tortor sollicitudin mi, sit amet lobortis sapien sapien non mi.",password123,true,true
material,"Donec odio justo, sollicitudin ut, suscipit a, feugiat et, eros.",password123,true,false
material,Nullam molestie nibh in lectus.,password123,true,false
announcement,Phasellus sit amet erat.,password123,false,true
assignment,Nulla suscipit ligula in lacus.,password123,true,true
announcement,In hac habitasse platea dictumst.,password123,true,true
question,"Integer aliquet, massa id lobortis convallis, tortor risus dapibus augue, vel accumsan tellus nisi eu orci.",password123,false,true
announcement,"Donec odio justo, sollicitudin ut, suscipit a, feugiat et, eros.",password123,false,true
material,Nulla ac enim.,password123,true,false
question,Etiam faucibus cursus urna.,password123,true,true
question,Fusce consequat.,password123,false,false
material,Maecenas pulvinar lobortis est.,password123,false,false
material,Suspendisse potenti.,password123,false,false
question,"Cras mi pede, malesuada in, imperdiet et, commodo vulputate, justo.",password123,true,true
announcement,Nunc rhoncus dui vel sem.,password123,false,false
assignment,Nulla tellus.,password123,true,false
assignment,Pellentesque viverra pede ac diam.,password123,true,false
question,"Vivamus metus arcu, adipiscing molestie, hendrerit at, vulputate vitae, nisl.",password123,false,true
material,Morbi a ipsum.,password123,false,true
material,Donec vitae nisi.,password123,true,false
material,Vivamus tortor.,password123,true,false
assignment,Phasellus sit amet erat.,password123,true,false
material,Aliquam sit amet diam in magna bibendum imperdiet.,password123,false,true
material,"Cras mi pede, malesuada in, imperdiet et, commodo vulputate, justo.",password123,true,false
assignment,Phasellus sit amet erat.,password123,true,true
assignment,"Nulla neque libero, convallis eget, eleifend luctus, ultricies eu, nibh.",password123,true,true
material,"Cras mi pede, malesuada in, imperdiet et, commodo vulputate, justo.",password123,true,false
announcement,Nulla facilisi.,password123,false,false
question,Ut tellus.,password123,false,true
assignment,Proin at turpis a pede posuere nonummy.,password123,false,false
announcement,Aenean sit amet justo.,password123,true,true
announcement,Fusce consequat.,password123,false,false
question,Maecenas pulvinar lobortis est.,password123,true,true
question,Nulla suscipit ligula in lacus.,password123,true,true
assignment,Curabitur at ipsum ac tellus semper interdum.,password123,true,false
announcement,Mauris ullamcorper purus sit amet nulla.,password123,false,true
question,"Fusce congue, diam id ornare imperdiet, sapien urna pretium nisl, ut volutpat sapien arcu sed augue.",password123,false,false
question,Fusce posuere felis sed lacus.,password123,true,true
assignment,Aliquam sit amet diam in magna bibendum imperdiet.,password123,true,true
assignment,Nulla ac enim.,password123,true,false
announcement,"Maecenas leo odio, condimentum id, luctus nec, molestie sed, justo.",password123,false,false
assignment,Donec semper sapien a libero.,password123,false,false
announcement,Maecenas pulvinar lobortis est.,password123,true,true
announcement,Quisque ut erat.,password123,true,true
assignment,Nam tristique tortor eu pede.,password123,true,true
question,Etiam faucibus cursus urna.,password123,false,false
assignment,Praesent blandit lacinia erat.,password123,false,true
material,Nunc rhoncus dui vel sem.,password123,true,true
question,Phasellus in felis.,password123,false,false
question,Suspendisse potenti.,password123,false,false
material,Cras pellentesque volutpat dui.,password123,false,true
material,Duis bibendum.,password123,false,false
question,Nullam molestie nibh in lectus.,password123,false,true
announcement,Phasellus id sapien in sapien iaculis congue.,password123,false,false
announcement,In blandit ultrices enim.,password123,true,true
question,Praesent id massa id nisl venenatis lacinia.,password123,true,true
question,Phasellus in felis.,password123,false,false
material,Nullam sit amet turpis elementum ligula vehicula consequat.,password123,true,false
material,Donec semper sapien a libero.,password123,false,true
material,Vestibulum ante ipsum primis in faucibus orci luctus et ultrices posuere cubilia Curae; Mauris viverra diam vitae quam.,password123,false,true
question,Morbi non lectus.,password123,false,true
material,In blandit ultrices enim.,password123,true,true
question,Duis at velit eu est congue elementum.,password123,false,false
announcement,"Mauris enim leo, rhoncus sed, vestibulum sit amet, cursus id, turpis.",password123,true,true
question,"Nullam orci pede, venenatis non, sodales sed, tincidunt eu, felis.",password123,true,true
material,Quisque id justo sit amet sapien dignissim vestibulum.,password123,false,false
material,In hac habitasse platea dictumst.,password123,true,false
question,"Integer pede justo, lacinia eget, tincidunt eget, tempus vel, pede.",password123,false,true
material,Suspendisse ornare consequat lectus.,password123,false,false
material,"Nam ultrices, libero non mattis pulvinar, nulla pede ullamcorper augue, a suscipit nulla elit ac nulla.",password123,false,true
material,In sagittis dui vel nisl.,password123,true,true
assignment,Integer a nibh.,password123,false,false
material,Vestibulum ante ipsum primis in faucibus orci luctus et ultrices posuere cubilia Curae; Mauris viverra diam vitae quam.,password123,false,true
material,Integer ac leo.,password123,true,true
assignment,Nam tristique tortor eu pede.,password123,true,true
question,Morbi ut odio.,password123,false,false
announcement,Vestibulum ac est lacinia nisi venenatis tristique.,password123,true,false
assignment,Vivamus vestibulum sagittis sapien.,password123,false,true
material,Suspendisse potenti.,password123,true,false
question,Proin interdum mauris non ligula pellentesque ultrices.,password123,false,true
material,"Quisque erat eros, viverra eget, congue eget, semper rutrum, nulla.",password123,false,true
announcement,Duis mattis egestas metus.,password123,true,false
material,"Lorem ipsum dolor sit amet, consectetuer adipiscing elit.",password123,false,false
material,"Nam congue, risus semper porta volutpat, quam pede lobortis ligula, sit amet eleifend pede libero quis orci.",password123,true,true
material,Integer non velit.,password123,false,true
question,Maecenas pulvinar lobortis est.,password123,true,false
question,Nulla tempus.,password123,true,false
material,"Maecenas tristique, est et tempus semper, est quam pharetra magna, ac consequat metus sapien ut nunc.",password123,true,false
material,"Donec diam neque, vestibulum eget, vulputate ut, ultrices vel, augue.",password123,true,false
question,Suspendisse potenti.,password123,true,false
material,Curabitur gravida nisi at nibh.,password123,true,false
question,Vestibulum ac est lacinia nisi venenatis tristique.,password123,false,false
assignment,Nulla mollis molestie lorem.,password123,false,true
material,"Duis bibendum, felis sed interdum venenatis, turpis enim blandit mi, in porttitor pede justo eu massa.",password123,true,true
question,Nunc purus.,password123,false,true
material,Nullam molestie nibh in lectus.,password123,true,true
announcement,Etiam vel augue.,password123,false,false
question,"Integer pede justo, lacinia eget, tincidunt eget, tempus vel, pede.",password123,true,false
material,Duis bibendum.,password123,true,false
material,Nulla mollis molestie lorem.,password123,false,false
material,Sed vel enim sit amet nunc viverra dapibus.,password123,true,false
announcement,Proin at turpis a pede posuere nonummy.,password123,true,true
announcement,Morbi vel lectus in quam fringilla rhoncus.,password123,false,false
assignment,"Quisque erat eros, viverra eget, congue eget, semper rutrum, nulla.",password123,true,true
announcement,Etiam vel augue.,password123,true,true
question,"Vestibulum ante ipsum primis in faucibus orci luctus et ultrices posuere cubilia Curae; Donec pharetra, magna vestibulum aliquet ultrices, erat tortor sollicitudin mi, sit amet lobortis sapien sapien non mi.",password123,true,true
question,Nulla ac enim.,password123,true,true
announcement,Nulla ac enim.,password123,false,true
announcement,Suspendisse potenti.,password123,false,false
question,Nulla justo.,password123,false,true
assignment,Morbi non lectus.,password123,false,true
question,Integer ac leo.,password123,false,false
material,Nam dui.,password123,true,false
question,Nam dui.,password123,true,true
assignment,In quis justo.,password123,false,true
material,"Integer aliquet, massa id lobortis convallis, tortor risus dapibus augue, vel accumsan tellus nisi eu orci.",password123,false,false
question,Integer ac leo.,password123,true,false
question,Aenean fermentum.,password123,false,false
assignment,Duis at velit eu est congue elementum.,password123,true,true
announcement,Integer tincidunt ante vel ipsum.,password123,false,true
assignment,Nulla tellus.,password123,false,false
assignment,Maecenas rhoncus aliquam lacus.,password123,true,false
assignment,Sed sagittis.,password123,false,true
material,Morbi non quam nec dui luctus rutrum.,password123,true,false
assignment,"Lorem ipsum dolor sit amet, consectetuer adipiscing elit.",password123,true,true
announcement,Vestibulum ante ipsum primis in faucibus orci luctus et ultrices posuere cubilia Curae; Duis faucibus accumsan odio.,password123,true,true
question,"Lorem ipsum dolor sit amet, consectetuer adipiscing elit.",password123,true,true
assignment,Cras in purus eu magna vulputate luctus.,password123,true,true
announcement,In hac habitasse platea dictumst.,password123,false,true
question,In hac habitasse platea dictumst.,password123,false,false
assignment,Donec dapibus.,password123,false,false
question,Donec dapibus.,password123,false,false
assignment,Aenean fermentum.,password123,true,false
announcement,"Maecenas tristique, est et tempus semper, est quam pharetra magna, ac consequat metus sapien ut nunc.",password123,true,false
material,Duis consequat dui nec nisi volutpat eleifend.,password123,false,true
assignment,Mauris sit amet eros.,password123,true,true
material,Nunc nisl.,password123,true,false
material,Integer a nibh.,password123,false,false
material,"Donec odio justo, sollicitudin ut, suscipit a, feugiat et, eros.",password123,true,false
material,Praesent lectus.,password123,true,true
material,Vestibulum ante ipsum primis in faucibus orci luctus et ultrices posuere cubilia Curae; Nulla dapibus dolor vel est.,password123,false,true
assignment,"Integer aliquet, massa id lobortis convallis, tortor risus dapibus augue, vel accumsan tellus nisi eu orci.",password123,false,true
material,Donec dapibus.,password123,true,true
question,Morbi non quam nec dui luctus rutrum.,password123,false,false
question,In blandit ultrices enim.,password123,true,true
assignment,"Aliquam augue quam, sollicitudin vitae, consectetuer eget, rutrum at, lorem.",password123,false,false
announcement,Suspendisse potenti.,password123,true,false
question,In eleifend quam a odio.,password123,true,true
material,Sed vel enim sit amet nunc viverra dapibus.,password123,false,true
assignment,Duis aliquam convallis nunc.,password123,true,true
announcement,Morbi vel lectus in quam fringilla rhoncus.,password123,false,false
announcement,Aenean lectus.,password123,false,true
material,Duis mattis egestas metus.,password123,false,true
question,Donec vitae nisi.,password123,true,false
announcement,Aliquam sit amet diam in magna bibendum imperdiet.,password123,false,false
question,Vivamus vel nulla eget eros elementum pellentesque.,password123,true,true
assignment,Suspendisse potenti.,password123,true,false
assignment,"Duis bibendum, felis sed interdum venenatis, turpis enim blandit mi, in porttitor pede justo eu massa.",password123,true,false
material,"Nam ultrices, libero non mattis pulvinar, nulla pede ullamcorper augue, a suscipit nulla elit ac nulla.",password123,true,false
assignment,Sed ante.,password123,false,false
announcement,Aenean lectus.,password123,false,false
material,Donec vitae nisi.,password123,true,true
assignment,Vestibulum ante ipsum primis in faucibus orci luctus et ultrices posuere cubilia Curae; Mauris viverra diam vitae quam.,password123,true,false
announcement,Aenean fermentum.,password123,true,true
assignment,Maecenas ut massa quis augue luctus tincidunt.,password123,false,false
question,"Nam congue, risus semper porta volutpat, quam pede lobortis ligula, sit amet eleifend pede libero quis orci.",password123,true,false
assignment,Vivamus in felis eu sapien cursus vestibulum.,password123,false,true
announcement,Sed sagittis.,password123,false,true
material,Nulla ut erat id mauris vulputate elementum.,password123,true,false
material,Suspendisse ornare consequat lectus.,password123,true,false
announcement,Nam dui.,password123,true,true
material,Praesent blandit.,password123,true,false
assignment,Ut tellus.,password123,true,true
material,"Maecenas tristique, est et tempus semper, est quam pharetra magna, ac consequat metus sapien ut nunc.",password123,true,true
question,Vivamus in felis eu sapien cursus vestibulum.,password123,true,false
material,"Integer aliquet, massa id lobortis convallis, tortor risus dapibus augue, vel accumsan tellus nisi eu orci.",password123,false,true
announcement,"Cras mi pede, malesuada in, imperdiet et, commodo vulputate, justo.",password123,true,false
question,Nunc rhoncus dui vel sem.,password123,true,true
announcement,Nulla ac enim.,password123,true,false
material,Cras in purus eu magna vulputate luctus.,password123,false,false
assignment,"Maecenas tristique, est et tempus semper, est quam pharetra magna, ac consequat metus sapien ut nunc.",password123,false,false
question,Aliquam non mauris.,password123,true,false
question,In quis justo.,password123,true,false
question,"Integer pede justo, lacinia eget, tincidunt eget, tempus vel, pede.",password123,true,false
question,Aliquam quis turpis eget elit sodales scelerisque.,password123,true,false
material,Vestibulum ac est lacinia nisi venenatis tristique.,password123,true,false
material,Vestibulum ante ipsum primis in faucibus orci luctus et ultrices posuere cubilia Curae; Duis faucibus accumsan odio.,password123,true,true
material,"Quisque erat eros, viverra eget, congue eget, semper rutrum, nulla.",password123,false,false
material,Cras pellentesque volutpat dui.,password123,true,false
material,Etiam justo.,password123,true,false
question,Proin eu mi.,password123,false,false
material,Vestibulum sed magna at nunc commodo placerat.,password123,false,false
announcement,Aliquam quis turpis eget elit sodales scelerisque.,password123,false,false
announcement,Cras in purus eu magna vulputate luctus.,password123,true,true
assignment,Duis bibendum.,password123,true,false
material,Nunc rhoncus dui vel sem.,password123,false,true
material,Quisque porta volutpat erat.,password123,true,true
question,Pellentesque ultrices mattis odio.,password123,false,false
assignment,"Donec odio justo, sollicitudin ut, suscipit a, feugiat et, eros.",password123,true,false
material,In hac habitasse platea dictumst.,password123,false,true
announcement,Vivamus tortor.,password123,false,false
question,Duis aliquam convallis nunc.,password123,false,true
material,"In est risus, auctor sed, tristique in, tempus sit amet, sem.",password123,false,false
material,Duis consequat dui nec nisi volutpat eleifend.,password123,true,false
question,Pellentesque viverra pede ac diam.,password123,true,false
material,Aenean lectus.,password123,false,true
question,Aenean auctor gravida sem.,password123,true,false
question,Morbi quis tortor id nulla ultrices aliquet.,password123,false,false
announcement,Maecenas pulvinar lobortis est.,password123,true,true
assignment,Integer a nibh.,password123,false,false
announcement,"Mauris enim leo, rhoncus sed, vestibulum sit amet, cursus id, turpis.",password123,false,false
material,Fusce consequat.,password123,false,false
announcement,"Lorem ipsum dolor sit amet, consectetuer adipiscing elit.",password123,true,true
assignment,In hac habitasse platea dictumst.,password123,false,true
question,Proin eu mi.,password123,true,true
question,"Integer aliquet, massa id lobortis convallis, tortor risus dapibus augue, vel accumsan tellus nisi eu orci.",password123,false,true
question,Integer ac neque.,password123,false,false
material,Pellentesque viverra pede ac diam.,password123,true,false
question,"Vestibulum quam sapien, varius ut, blandit non, interdum in, ante.",password123,true,false
question,Morbi vel lectus in quam fringilla rhoncus.,password123,false,true
material,Pellentesque viverra pede ac diam.,password123,true,false
assignment,Praesent lectus.,password123,true,false
material,Vivamus vestibulum sagittis sapien.,password123,true,true
question,Nulla ac enim.,password123,false,true
assignment,Mauris lacinia sapien quis libero.,password123,true,true
assignment,Vestibulum sed magna at nunc commodo placerat.,password123,true,true
question,"Lorem ipsum dolor sit amet, consectetuer adipiscing elit.",password123,false,true
material,Duis mattis egestas metus.,password123,false,false
announcement,"Fusce congue, diam id ornare imperdiet, sapien urna pretium nisl, ut volutpat sapien arcu sed augue.",password123,false,true
announcement,Morbi quis tortor id nulla ultrices aliquet.,password123,true,false
question,Sed accumsan felis.,password123,false,true
assignment,In eleifend quam a odio.,password123,false,false
announcement,Curabitur convallis.,password123,false,false
announcement,Aenean sit amet justo.,password123,true,false
assignment,Etiam faucibus cursus urna.,password123,true,false
assignment,Vestibulum ante ipsum primis in faucibus orci luctus et ultrices posuere cubilia Curae; Nulla dapibus dolor vel est.,password123,true,false
question,"Fusce congue, diam id ornare imperdiet, sapien urna pretium nisl, ut volutpat sapien arcu sed augue.",password123,false,false
material,"Donec diam neque, vestibulum eget, vulputate ut, ultrices vel, augue.",password123,true,true
assignment,Cras pellentesque volutpat dui.,password123,true,true
material,Integer tincidunt ante vel ipsum.,password123,false,true
announcement,Phasellus sit amet erat.,password123,true,true
question,Pellentesque eget nunc.,password123,false,false
assignment,"Nulla neque libero, convallis eget, eleifend luctus, ultricies eu, nibh.",password123,true,false
material,"Cum sociis natoque penatibus et magnis dis parturient montes, nascetur ridiculus mus.",password123,true,false
assignment,"Vestibulum quam sapien, varius ut, blandit non, interdum in, ante.",password123,false,true
assignment,Phasellus id sapien in sapien iaculis congue.,password123,false,true
material,Vestibulum sed magna at nunc commodo placerat.,password123,true,false
material,In eleifend quam a odio.,password123,false,false
announcement,Integer ac leo.,password123,true,false
material,Aenean sit amet justo.,password123,true,true
assignment,Vestibulum ante ipsum primis in faucibus orci luctus et ultrices posuere cubilia Curae; Mauris viverra diam vitae quam.,password123,true,true
announcement,Nam tristique tortor eu pede.,password123,true,true
question,Morbi porttitor lorem id ligula.,password123,false,true
announcement,Curabitur in libero ut massa volutpat convallis.,password123,false,true
material,"Aliquam augue quam, sollicitudin vitae, consectetuer eget, rutrum at, lorem.",password123,true,true
question,Phasellus in felis.,password123,true,false
material,Etiam pretium iaculis justo.,password123,true,true
question,Nulla mollis molestie lorem.,password123,true,true
assignment,"Nullam orci pede, venenatis non, sodales sed, tincidunt eu, felis.",password123,true,false
question,Morbi ut odio.,password123,true,false
question,Maecenas pulvinar lobortis est.,password123,true,true
announcement,"Vestibulum quam sapien, varius ut, blandit non, interdum in, ante.",password123,false,true
assignment,Mauris lacinia sapien quis libero.,password123,false,false
material,"Cum sociis natoque penatibus et magnis dis parturient montes, nascetur ridiculus mus.",password123,true,false
assignment,Nam tristique tortor eu pede.,password123,true,false
announcement,"In tempor, turpis nec euismod scelerisque, quam turpis adipiscing lorem, vitae mattis nibh ligula nec sem.",password123,true,true
assignment,"Vivamus metus arcu, adipiscing molestie, hendrerit at, vulputate vitae, nisl.",password123,true,true
material,Nullam sit amet turpis elementum ligula vehicula consequat.,password123,true,false
question,Fusce consequat.,password123,true,false
assignment,Aenean fermentum.,password123,true,true
question,Aenean auctor gravida sem.,password123,false,false
question,Nulla mollis molestie lorem.,password123,false,true
material,Donec dapibus.,password123,true,true
question,Nulla justo.,password123,true,false
assignment,Nulla facilisi.,password123,true,false
assignment,Morbi non quam nec dui luctus rutrum.,password123,true,true
material,Donec semper sapien a libero.,password123,false,true
question,Aenean sit amet justo.,password123,true,false
question,"Nullam orci pede, venenatis non, sodales sed, tincidunt eu, felis.",password123,false,true
assignment,Proin interdum mauris non ligula pellentesque ultrices.,password123,true,true
assignment,Praesent id massa id nisl venenatis lacinia.,password123,true,false
material,Donec vitae nisi.,password123,false,true
material,Aliquam sit amet diam in magna bibendum imperdiet.,password123,true,true
material,Suspendisse potenti.,password123,false,false
material,"Fusce congue, diam id ornare imperdiet, sapien urna pretium nisl, ut volutpat sapien arcu sed augue.",password123,false,false
material,Sed accumsan felis.,password123,true,true
assignment,Curabitur in libero ut massa volutpat convallis.,password123,false,false
material,"Donec odio justo, sollicitudin ut, suscipit a, feugiat et, eros.",password123,false,false
assignment,In hac habitasse platea dictumst.,password123,false,true
announcement,Aliquam quis turpis eget elit sodales scelerisque.,password123,false,false
announcement,Nulla justo.,password123,true,true
announcement,In blandit ultrices enim.,password123,true,true
question,Mauris ullamcorper purus sit amet nulla.,password123,false,false
assignment,Nam tristique tortor eu pede.,password123,false,true
assignment,Fusce posuere felis sed lacus.,password123,true,false
assignment,Etiam vel augue.,password123,true,true
material,Pellentesque ultrices mattis odio.,password123,true,true
material,Aenean auctor gravida sem.,password123,false,false
material,Duis consequat dui nec nisi volutpat eleifend.,password123,false,false
announcement,Nam tristique tortor eu pede.,password123,false,false
material,In hac habitasse platea dictumst.,password123,true,false
material,Donec vitae nisi.,password123,true,false
announcement,Cras non velit nec nisi vulputate nonummy.,password123,true,true
assignment,"Donec odio justo, sollicitudin ut, suscipit a, feugiat et, eros.",password123,true,false
announcement,Sed sagittis.,password123,true,false
assignment,"Morbi odio odio, elementum eu, interdum eu, tincidunt in, leo.",password123,false,true
material,"Maecenas leo odio, condimentum id, luctus nec, molestie sed, justo.",password123,false,false
material,Vestibulum ante ipsum primis in faucibus orci luctus et ultrices posuere cubilia Curae; Duis faucibus accumsan odio.,password123,false,true
assignment,In hac habitasse platea dictumst.,password123,true,true
assignment,Morbi ut odio.,password123,false,true
announcement,"In est risus, auctor sed, tristique in, tempus sit amet, sem.",password123,true,true
question,"Integer pede justo, lacinia eget, tincidunt eget, tempus vel, pede.",password123,false,true
assignment,Duis bibendum.,password123,true,false
question,Pellentesque viverra pede ac diam.,password123,true,true
material,Vestibulum rutrum rutrum neque.,password123,true,false
material,"Cum sociis natoque penatibus et magnis dis parturient montes, nascetur ridiculus mus.",password123,true,false
assignment,Cras in purus eu magna vulputate luctus.,password123,true,true
announcement,Vivamus vestibulum sagittis sapien.,password123,true,true
announcement,In hac habitasse platea dictumst.,password123,true,true
assignment,Nullam molestie nibh in lectus.,password123,false,true
announcement,"Mauris enim leo, rhoncus sed, vestibulum sit amet, cursus id, turpis.",password123,false,false
assignment,Ut at dolor quis odio consequat varius.,password123,true,false
material,Proin eu mi.,password123,true,false
announcement,Maecenas tincidunt lacus at velit.,password123,true,false
announcement,Ut tellus.,password123,false,true
material,Donec dapibus.,password123,false,false
announcement,Pellentesque ultrices mattis odio.,password123,false,false
announcement,Integer a nibh.,password123,true,false
question,Aliquam quis turpis eget elit sodales scelerisque.,password123,false,true
question,Integer tincidunt ante vel ipsum.,password123,false,false
question,"Nulla neque libero, convallis eget, eleifend luctus, ultricies eu, nibh.",password123,true,true
question,Vestibulum ac est lacinia nisi venenatis tristique.,password123,false,true
announcement,Maecenas pulvinar lobortis est.,password123,false,true
material,Maecenas pulvinar lobortis est.,password123,false,false
question,Morbi quis tortor id nulla ultrices aliquet.,password123,false,false
material,Ut at dolor quis odio consequat varius.,password123,false,false
announcement,Suspendisse potenti.,password123,false,false
question,Vestibulum ante ipsum primis in faucibus orci luctus et ultrices posuere cubilia Curae; Duis faucibus accumsan odio.,password123,false,true
assignment,Phasellus in felis.,password123,true,true
assignment,Nunc rhoncus dui vel sem.,password123,false,true
material,Vestibulum sed magna at nunc commodo placerat.,password123,true,false
material,Vestibulum ac est lacinia nisi venenatis tristique.,password123,false,false
assignment,"Nam congue, risus semper porta volutpat, quam pede lobortis ligula, sit amet eleifend pede libero quis orci.",password123,false,true
question,Nunc rhoncus dui vel sem.,password123,true,true
announcement,"Maecenas leo odio, condimentum id, luctus nec, molestie sed, justo.",password123,true,true
question,Suspendisse potenti.,password123,false,true
question,Vestibulum rutrum rutrum neque.,password123,true,false
announcement,Mauris sit amet eros.,password123,false,true
announcement,Aliquam sit amet diam in magna bibendum imperdiet.,password123,false,false
material,Sed sagittis.,password123,true,true
question,"Aliquam augue quam, sollicitudin vitae, consectetuer eget, rutrum at, lorem.",password123,false,true
material,Vestibulum rutrum rutrum neque.,password123,false,true
question,Sed sagittis.,password123,false,false
question,"Aliquam augue quam, sollicitudin vitae, consectetuer eget, rutrum at, lorem.",password123,false,true
assignment,In quis justo.,password123,true,true
question,Sed vel enim sit amet nunc viverra dapibus.,password123,false,true
announcement,Etiam faucibus cursus urna.,password123,false,false
question,"Nam ultrices, libero non mattis pulvinar, nulla pede ullamcorper augue, a suscipit nulla elit ac nulla.",password123,true,false
assignment,Vestibulum sed magna at nunc commodo placerat.,password123,false,false
assignment,"Vivamus metus arcu, adipiscing molestie, hendrerit at, vulputate vitae, nisl.",password123,false,false
question,Curabitur gravida nisi at nibh.,password123,false,false
material,"Maecenas tristique, est et tempus semper, est quam pharetra magna, ac consequat metus sapien ut nunc.",password123,false,true
assignment,Ut tellus.,password123,true,false
assignment,Maecenas rhoncus aliquam lacus.,password123,true,true
question,"Integer pede justo, lacinia eget, tincidunt eget, tempus vel, pede.",password123,true,false
assignment,"Maecenas leo odio, condimentum id, luctus nec, molestie sed, justo.",password123,false,false
material,Donec ut mauris eget massa tempor convallis.,password123,true,false
announcement,Donec posuere metus vitae ipsum.,password123,true,true
announcement,"Mauris enim leo, rhoncus sed, vestibulum sit amet, cursus id, turpis.",password123,false,false
material,Pellentesque eget nunc.,password123,true,false
assignment,Integer ac leo.,password123,true,false
material,Ut tellus.,password123,true,true
question,Curabitur in libero ut massa volutpat convallis.,password123,true,true
material,"Nullam orci pede, venenatis non, sodales sed, tincidunt eu, felis.",password123,true,false
assignment,"Duis bibendum, felis sed interdum venenatis, turpis enim blandit mi, in porttitor pede justo eu massa.",password123,true,true
question,Etiam vel augue.,password123,false,false
material,Praesent blandit lacinia erat.,password123,true,true
announcement,Vestibulum ante ipsum primis in faucibus orci luctus et ultrices posuere cubilia Curae; Nulla dapibus dolor vel est.,password123,true,false
material,"Lorem ipsum dolor sit amet, consectetuer adipiscing elit.",password123,false,false
announcement,Nunc rhoncus dui vel sem.,password123,true,true
material,Duis aliquam convallis nunc.,password123,true,false
material,In hac habitasse platea dictumst.,password123,false,false
assignment,"Integer aliquet, massa id lobortis convallis, tortor risus dapibus augue, vel accumsan tellus nisi eu orci.",password123,false,true
announcement,Morbi porttitor lorem id ligula.,password123,true,false
material,Etiam pretium iaculis justo.,password123,false,false
question,Sed accumsan felis.,password123,false,false
assignment,Nulla facilisi.,password123,false,false
assignment,In eleifend quam a odio.,password123,false,false
assignment,Pellentesque eget nunc.,password123,false,false
announcement,Sed sagittis.,password123,false,false
material,Aenean sit amet justo.,password123,true,true
assignment,Sed accumsan felis.,password123,false,true
question,Sed sagittis.,password123,false,false
question,Duis mattis egestas metus.,password123,false,true
assignment,Nulla ac enim.,password123,false,false
material,Maecenas pulvinar lobortis est.,password123,true,false
question,"Donec diam neque, vestibulum eget, vulputate ut, ultrices vel, augue.",password123,false,true
assignment,Morbi ut odio.,password123,true,true
question,In congue.,password123,true,true
announcement,Nulla tellus.,password123,false,true
question,Nunc purus.,password123,false,false
question,"Integer pede justo, lacinia eget, tincidunt eget, tempus vel, pede.",password123,true,false
question,In hac habitasse platea dictumst.,password123,false,true
material,Suspendisse ornare consequat lectus.,password123,false,false
assignment,Suspendisse potenti.,password123,true,true
question,In congue.,password123,false,false
material,Nullam porttitor lacus at turpis.,password123,false,false
question,"Cum sociis natoque penatibus et magnis dis parturient montes, nascetur ridiculus mus.",password123,true,true
material,Proin risus.,password123,true,true
material,Nunc purus.,password123,true,false
question,Proin risus.,password123,false,false
assignment,Fusce consequat.,password123,false,false
material,Pellentesque at nulla.,password123,false,true
announcement,"Nam congue, risus semper porta volutpat, quam pede lobortis ligula, sit amet eleifend pede libero quis orci.",password123,true,true
announcement,Donec quis orci eget orci vehicula condimentum.,password123,false,true
material,Duis consequat dui nec nisi volutpat eleifend.,password123,true,true
announcement,"Vivamus metus arcu, adipiscing molestie, hendrerit at, vulputate vitae, nisl.",password123,false,true
question,"Aliquam augue quam, sollicitudin vitae, consectetuer eget, rutrum at, lorem.",password123,false,false
announcement,Curabitur in libero ut massa volutpat convallis.,password123,false,true
assignment,Vestibulum ante ipsum primis in faucibus orci luctus et ultrices posuere cubilia Curae; Mauris viverra diam vitae quam.,password123,true,false
assignment,Sed vel enim sit amet nunc viverra dapibus.,password123,true,true
announcement,Donec vitae nisi.,password123,true,false
announcement,Etiam faucibus cursus urna.,password123,false,true
assignment,In hac habitasse platea dictumst.,password123,true,true
question,Duis mattis egestas metus.,password123,false,true
assignment,"Quisque arcu libero, rutrum ac, lobortis vel, dapibus at, diam.",password123,false,false
question,Donec ut dolor.,password123,true,false
material,"Vestibulum ante ipsum primis in faucibus orci luctus et ultrices posuere cubilia Curae; Donec pharetra, magna vestibulum aliquet ultrices, erat tortor sollicitudin mi, sit amet lobortis sapien sapien non mi.",password123,true,true
announcement,Aenean auctor gravida sem.,password123,true,false
material,Morbi a ipsum.,password123,false,true
question,Morbi quis tortor id nulla ultrices aliquet.,password123,true,true
assignment,Pellentesque at nulla.,password123,false,true
assignment,Mauris ullamcorper purus sit amet nulla.,password123,false,true
assignment,Donec ut dolor.,password123,true,true
announcement,Morbi a ipsum.,password123,true,false
material,Integer a nibh.,password123,true,true
announcement,Cras in purus eu magna vulputate luctus.,password123,true,false
assignment,Vestibulum ac est lacinia nisi venenatis tristique.,password123,false,true
assignment,Quisque id justo sit amet sapien dignissim vestibulum.,password123,false,true
assignment,"Maecenas leo odio, condimentum id, luctus nec, molestie sed, justo.",password123,false,true
material,In blandit ultrices enim.,password123,true,true
assignment,Aenean sit amet justo.,password123,false,true
announcement,Phasellus in felis.,password123,false,true
assignment,Suspendisse accumsan tortor quis turpis.,password123,true,true
question,"Cras mi pede, malesuada in, imperdiet et, commodo vulputate, justo.",password123,true,true
assignment,Curabitur convallis.,password123,false,true
announcement,Donec dapibus.,password123,false,true
assignment,Cras pellentesque volutpat dui.,password123,false,true
announcement,Aliquam quis turpis eget elit sodales scelerisque.,password123,true,false
announcement,"Fusce congue, diam id ornare imperdiet, sapien urna pretium nisl, ut volutpat sapien arcu sed augue.",password123,false,false
assignment,In congue.,password123,true,false
question,Mauris lacinia sapien quis libero.,password123,false,true
material,Fusce posuere felis sed lacus.,password123,true,false
question,"Nam ultrices, libero non mattis pulvinar, nulla pede ullamcorper augue, a suscipit nulla elit ac nulla.",password123,false,false
announcement,Suspendisse potenti.,password123,false,false
announcement,Duis ac nibh.,password123,true,true
assignment,Curabitur in libero ut massa volutpat convallis.,password123,true,false
assignment,In quis justo.,password123,true,true
material,Nam nulla.,password123,false,true
assignment,Integer ac neque.,password123,true,false
assignment,Ut at dolor quis odio consequat varius.,password123,false,true
material,In sagittis dui vel nisl.,password123,true,true
question,Integer a nibh.,password123,false,true
question,Suspendisse accumsan tortor quis turpis.,password123,true,true
assignment,In quis justo.,password123,true,false
announcement,Aenean sit amet justo.,password123,false,false
material,Pellentesque eget nunc.,password123,false,false
material,Suspendisse accumsan tortor quis turpis.,password123,false,true
assignment,Praesent blandit.,password123,true,false
assignment,Cras in purus eu magna vulputate luctus.,password123,false,false
announcement,"Nam congue, risus semper porta volutpat, quam pede lobortis ligula, sit amet eleifend pede libero quis orci.",password123,true,true
announcement,Integer a nibh.,password123,false,true
material,Sed ante.,password123,false,false
question,Curabitur gravida nisi at nibh.,password123,false,false
announcement,Integer ac neque.,password123,false,false
assignment,Sed vel enim sit amet nunc viverra dapibus.,password123,true,false
assignment,In blandit ultrices enim.,password123,true,false
question,Donec ut mauris eget massa tempor convallis.,password123,false,false
assignment,Curabitur at ipsum ac tellus semper interdum.,password123,false,true
announcement,Donec ut mauris eget massa tempor convallis.,password123,false,false
announcement,Etiam faucibus cursus urna.,password123,true,true
assignment,Nulla facilisi.,password123,true,true
question,Integer ac neque.,password123,true,false
announcement,Integer ac neque.,password123,true,true
announcement,Curabitur in libero ut massa volutpat convallis.,password123,false,false
announcement,"Vivamus metus arcu, adipiscing molestie, hendrerit at, vulputate vitae, nisl.",password123,false,true
question,Donec vitae nisi.,password123,false,true
announcement,"Donec odio justo, sollicitudin ut, suscipit a, feugiat et, eros.",password123,false,false
assignment,Nulla ut erat id mauris vulputate elementum.,password123,false,true
material,Nam dui.,password123,false,true
assignment,Pellentesque eget nunc.,password123,true,false
material,Nulla facilisi.,password123,false,true
question,In eleifend quam a odio.,password123,false,true
material,Donec vitae nisi.,password123,true,true
question,Nunc nisl.,password123,false,false
announcement,In hac habitasse platea dictumst.,password123,false,false
announcement,"In tempor, turpis nec euismod scelerisque, quam turpis adipiscing lorem, vitae mattis nibh ligula nec sem.",password123,false,false
question,Aliquam erat volutpat.,password123,true,false
announcement,Etiam pretium iaculis justo.,password123,false,false
question,Nulla ac enim.,password123,false,true
material,Curabitur convallis.,password123,false,false
assignment,Etiam vel augue.,password123,true,false
assignment,Morbi quis tortor id nulla ultrices aliquet.,password123,true,true
announcement,Suspendisse ornare consequat lectus.,password123,true,true
material,"Proin leo odio, porttitor id, consequat in, consequat ut, nulla.",password123,true,false
assignment,"Proin leo odio, porttitor id, consequat in, consequat ut, nulla.",password123,false,false
question,Integer non velit.,password123,true,false
question,Nullam sit amet turpis elementum ligula vehicula consequat.,password123,false,true
material,Duis ac nibh.,password123,false,false
assignment,Suspendisse accumsan tortor quis turpis.,password123,false,true
question,Donec quis orci eget orci vehicula condimentum.,password123,true,false
question,Morbi a ipsum.,password123,false,false
material,Duis at velit eu est congue elementum.,password123,false,false
question,Nam nulla.,password123,true,true
assignment,Quisque id justo sit amet sapien dignissim vestibulum.,password123,true,true
question,"Donec diam neque, vestibulum eget, vulputate ut, ultrices vel, augue.",password123,false,true
announcement,Donec quis orci eget orci vehicula condimentum.,password123,false,true
material,"Morbi vestibulum, velit id pretium iaculis, diam erat fermentum justo, nec condimentum neque sapien placerat ante.",password123,false,true
material,Maecenas pulvinar lobortis est.,password123,false,false
material,Morbi porttitor lorem id ligula.,password123,false,true
assignment,Duis aliquam convallis nunc.,password123,false,true
material,Praesent blandit.,password123,true,true
assignment,Sed sagittis.,password123,true,true
question,"Nam congue, risus semper porta volutpat, quam pede lobortis ligula, sit amet eleifend pede libero quis orci.",password123,true,false
assignment,Pellentesque eget nunc.,password123,false,false
material,Etiam pretium iaculis justo.,password123,true,true
assignment,"Vestibulum quam sapien, varius ut, blandit non, interdum in, ante.",password123,false,true
material,Nullam varius.,password123,false,true
question,Suspendisse accumsan tortor quis turpis.,password123,true,true
material,Quisque ut erat.,password123,false,false
assignment,"Nulla neque libero, convallis eget, eleifend luctus, ultricies eu, nibh.",password123,true,false
material,Donec ut mauris eget massa tempor convallis.,password123,false,true
material,Nullam varius.,password123,true,true
announcement,"Vestibulum quam sapien, varius ut, blandit non, interdum in, ante.",password123,true,false
question,Vivamus tortor.,password123,false,false
assignment,Praesent blandit lacinia erat.,password123,false,true
question,"Duis bibendum, felis sed interdum venenatis, turpis enim blandit mi, in porttitor pede justo eu massa.",password123,true,true
material,"Donec diam neque, vestibulum eget, vulputate ut, ultrices vel, augue.",password123,true,false
announcement,"Nullam orci pede, venenatis non, sodales sed, tincidunt eu, felis.",password123,false,false
question,In hac habitasse platea dictumst.,password123,true,false
announcement,In quis justo.,password123,true,false
announcement,Maecenas ut massa quis augue luctus tincidunt.,password123,false,true
material,In congue.,password123,true,true
material,Integer a nibh.,password123,false,false
assignment,In hac habitasse platea dictumst.,password123,true,false
announcement,Nulla ut erat id mauris vulputate elementum.,password123,false,true
material,Praesent lectus.,password123,true,true
announcement,Morbi non lectus.,password123,false,true
question,Vivamus in felis eu sapien cursus vestibulum.,password123,false,false
announcement,Suspendisse accumsan tortor quis turpis.,password123,true,true
material,"Quisque arcu libero, rutrum ac, lobortis vel, dapibus at, diam.",password123,true,false
assignment,Morbi porttitor lorem id ligula.,password123,false,false
announcement,Morbi a ipsum.,password123,false,true
announcement,"Quisque erat eros, viverra eget, congue eget, semper rutrum, nulla.",password123,true,true
question,Curabitur convallis.,password123,true,true
material,Vivamus in felis eu sapien cursus vestibulum.,password123,false,false
announcement,Curabitur in libero ut massa volutpat convallis.,password123,true,false
question,Morbi quis tortor id nulla ultrices aliquet.,password123,false,true
question,"Aliquam augue quam, sollicitudin vitae, consectetuer eget, rutrum at, lorem.",password123,false,true
question,Sed ante.,password123,true,false
announcement,Morbi non lectus.,password123,false,false
material,Nulla mollis molestie lorem.,password123,true,false
material,Nullam molestie nibh in lectus.,password123,true,true
material,Proin interdum mauris non ligula pellentesque ultrices.,password123,false,true
assignment,"Cum sociis natoque penatibus et magnis dis parturient montes, nascetur ridiculus mus.",password123,false,false
question,Nulla tellus.,password123,true,false
question,Morbi a ipsum.,password123,false,false
question,Cras in purus eu magna vulputate luctus.,password123,true,false
assignment,"Quisque arcu libero, rutrum ac, lobortis vel, dapibus at, diam.",password123,true,false
question,"Proin leo odio, porttitor id, consequat in, consequat ut, nulla.",password123,true,false
question,"Morbi vestibulum, velit id pretium iaculis, diam erat fermentum justo, nec condimentum neque sapien placerat ante.",password123,false,false
material,Maecenas tincidunt lacus at velit.,password123,false,true
material,In quis justo.,password123,false,true
assignment,Donec ut mauris eget massa tempor convallis.,password123,true,true
assignment,Proin risus.,password123,true,true
assignment,Fusce posuere felis sed lacus.,password123,true,false
material,"In est risus, auctor sed, tristique in, tempus sit amet, sem.",password123,false,true
assignment,"Fusce lacus purus, aliquet at, feugiat non, pretium quis, lectus.",password123,true,false
announcement,In congue.,password123,false,true
announcement,Morbi non quam nec dui luctus rutrum.,password123,false,false
question,Mauris ullamcorper purus sit amet nulla.,password123,false,false
assignment,Duis consequat dui nec nisi volutpat eleifend.,password123,true,false
material,Quisque ut erat.,password123,true,false
announcement,Duis consequat dui nec nisi volutpat eleifend.,password123,false,false
question,In hac habitasse platea dictumst.,password123,true,false
question,Praesent blandit lacinia erat.,password123,true,false
announcement,Curabitur gravida nisi at nibh.,password123,true,true
assignment,Donec posuere metus vitae ipsum.,password123,false,false
assignment,Nunc purus.,password123,true,true
question,Phasellus in felis.,password123,true,true
question,"Nam ultrices, libero non mattis pulvinar, nulla pede ullamcorper augue, a suscipit nulla elit ac nulla.",password123,true,true
material,Aenean auctor gravida sem.,password123,false,false
question,"Quisque arcu libero, rutrum ac, lobortis vel, dapibus at, diam.",password123,false,true
assignment,"Maecenas tristique, est et tempus semper, est quam pharetra magna, ac consequat metus sapien ut nunc.",password123,true,true
question,Proin at turpis a pede posuere nonummy.,password123,true,false
announcement,Nullam varius.,password123,true,false
material,Duis ac nibh.,password123,false,true
assignment,Duis ac nibh.,password123,true,false
material,Suspendisse ornare consequat lectus.,password123,true,true
assignment,Mauris ullamcorper purus sit amet nulla.,password123,false,false
question,Morbi quis tortor id nulla ultrices aliquet.,password123,false,true
assignment,Vivamus vestibulum sagittis sapien.,password123,false,false
assignment,In sagittis dui vel nisl.,password123,false,false
announcement,Suspendisse accumsan tortor quis turpis.,password123,false,false
announcement,Nulla mollis molestie lorem.,password123,false,true
assignment,"Nam ultrices, libero non mattis pulvinar, nulla pede ullamcorper augue, a suscipit nulla elit ac nulla.",password123,false,true
material,"Maecenas tristique, est et tempus semper, est quam pharetra magna, ac consequat metus sapien ut nunc.",password123,true,true
assignment,Curabitur in libero ut massa volutpat convallis.,password123,false,true
material,Morbi quis tortor id nulla ultrices aliquet.,password123,true,false
announcement,Praesent id massa id nisl venenatis lacinia.,password123,false,false
question,Sed ante.,password123,false,true
material,Duis bibendum.,password123,true,false
material,Nunc rhoncus dui vel sem.,password123,false,false
question,"Maecenas leo odio, condimentum id, luctus nec, molestie sed, justo.",password123,true,true
assignment,Curabitur convallis.,password123,false,false
announcement,Etiam pretium iaculis justo.,password123,false,false
material,Phasellus sit amet erat.,password123,false,false
assignment,"In tempor, turpis nec euismod scelerisque, quam turpis adipiscing lorem, vitae mattis nibh ligula nec sem.",password123,true,false
assignment,Curabitur gravida nisi at nibh.,password123,false,true
material,Vestibulum rutrum rutrum neque.,password123,false,false
assignment,Pellentesque ultrices mattis odio.,password123,true,false
material,Mauris lacinia sapien quis libero.,password123,false,false
material,"Integer aliquet, massa id lobortis convallis, tortor risus dapibus augue, vel accumsan tellus nisi eu orci.",password123,true,true
assignment,In eleifend quam a odio.,password123,true,false
material,Nullam sit amet turpis elementum ligula vehicula consequat.,password123,false,true
announcement,Pellentesque ultrices mattis odio.,password123,false,false
assignment,Nunc nisl.,password123,true,false
material,"Lorem ipsum dolor sit amet, consectetuer adipiscing elit.",password123,true,true
question,Nullam porttitor lacus at turpis.,password123,false,true
question,"Maecenas tristique, est et tempus semper, est quam pharetra magna, ac consequat metus sapien ut nunc.",password123,false,false
question,"Nam ultrices, libero non mattis pulvinar, nulla pede ullamcorper augue, a suscipit nulla elit ac nulla.",password123,false,true
material,Nulla facilisi.,password123,false,false
assignment,"Maecenas leo odio, condimentum id, luctus nec, molestie sed, justo.",password123,false,true
question,"Maecenas tristique, est et tempus semper, est quam pharetra magna, ac consequat metus sapien ut nunc.",password123,false,false
question,Vestibulum ante ipsum primis in faucibus orci luctus et ultrices posuere cubilia Curae; Nulla dapibus dolor vel est.,password123,true,false
assignment,"Cum sociis natoque penatibus et magnis dis parturient montes, nascetur ridiculus mus.",password123,false,true
assignment,Nunc rhoncus dui vel sem.,password123,false,true
announcement,"Fusce lacus purus, aliquet at, feugiat non, pretium quis, lectus.",password123,false,false
announcement,Etiam vel augue.,password123,true,true
announcement,"In est risus, auctor sed, tristique in, tempus sit amet, sem.",password123,false,true
question,Curabitur gravida nisi at nibh.,password123,true,false
announcement,Aenean sit amet justo.,password123,false,false
question,Sed vel enim sit amet nunc viverra dapibus.,password123,false,true
assignment,Fusce posuere felis sed lacus.,password123,false,true
assignment,Curabitur in libero ut massa volutpat convallis.,password123,false,true
announcement,"Fusce lacus purus, aliquet at, feugiat non, pretium quis, lectus.",password123,true,false
material,Etiam justo.,password123,true,true
announcement,Nunc nisl.,password123,true,true
question,Donec posuere metus vitae ipsum.,password123,false,true
announcement,Sed ante.,password123,false,true
material,"Mauris enim leo, rhoncus sed, vestibulum sit amet, cursus id, turpis.",password123,false,false
announcement,Duis at velit eu est congue elementum.,password123,true,false
material,Nam nulla.,password123,true,false
material,Morbi porttitor lorem id ligula.,password123,false,true
question,Vivamus vel nulla eget eros elementum pellentesque.,password123,true,false
announcement,Aliquam non mauris.,password123,true,false
material,Praesent id massa id nisl venenatis lacinia.,password123,false,true
announcement,Nulla ut erat id mauris vulputate elementum.,password123,true,false
assignment,In blandit ultrices enim.,password123,true,true
question,Nulla tellus.,password123,true,true
announcement,In eleifend quam a odio.,password123,true,false
question,Pellentesque ultrices mattis odio.,password123,false,false
material,Integer tincidunt ante vel ipsum.,password123,false,true
announcement,Nulla tellus.,password123,true,true
assignment,Nullam varius.,password123,true,true
question,Morbi porttitor lorem id ligula.,password123,true,false
material,"Vestibulum ante ipsum primis in faucibus orci luctus et ultrices posuere cubilia Curae; Donec pharetra, magna vestibulum aliquet ultrices, erat tortor sollicitudin mi, sit amet lobortis sapien sapien non mi.",password123,true,true
assignment,Aenean sit amet justo.,password123,false,true
announcement,Etiam justo.,password123,false,false
question,Nam tristique tortor eu pede.,password123,false,true
assignment,Vestibulum rutrum rutrum neque.,password123,false,true
material,Integer ac neque.,password123,false,false
question,Suspendisse potenti.,password123,false,true
announcement,Aliquam erat volutpat.,password123,false,true
material,Vestibulum ante ipsum primis in faucibus orci luctus et ultrices posuere cubilia Curae; Duis faucibus accumsan odio.,password123,true,true
announcement,Sed sagittis.,password123,true,true
announcement,Nam dui.,password123,false,true
announcement,Maecenas tincidunt lacus at velit.,password123,true,true
assignment,Fusce consequat.,password123,false,false
assignment,Etiam pretium iaculis justo.,password123,true,true
assignment,Proin risus.,password123,true,true
question,"Aliquam augue quam, sollicitudin vitae, consectetuer eget, rutrum at, lorem.",password123,true,true
assignment,Donec posuere metus vitae ipsum.,password123,true,false
material,Vestibulum sed magna at nunc commodo placerat.,password123,true,true
announcement,Sed ante.,password123,true,true
announcement,Fusce consequat.,password123,false,false
question,Cras pellentesque volutpat dui.,password123,true,true
announcement,Nam dui.,password123,true,true
announcement,Donec ut mauris eget massa tempor convallis.,password123,false,false
material,Aliquam erat volutpat.,password123,false,true
announcement,"Nam ultrices, libero non mattis pulvinar, nulla pede ullamcorper augue, a suscipit nulla elit ac nulla.",password123,false,true
question,Proin risus.,password123,false,false
question,Mauris sit amet eros.,password123,false,false
assignment,Morbi ut odio.,password123,true,false
question,Integer ac leo.,password123,true,true
assignment,Proin interdum mauris non ligula pellentesque ultrices.,password123,false,false
question,Nulla tellus.,password123,false,false
assignment,In quis justo.,password123,false,true
announcement,Integer tincidunt ante vel ipsum.,password123,false,false
assignment,Fusce consequat.,password123,true,false
material,Duis bibendum.,password123,false,true
announcement,"Nullam orci pede, venenatis non, sodales sed, tincidunt eu, felis.",password123,false,false
material,"Cras mi pede, malesuada in, imperdiet et, commodo vulputate, justo.",password123,false,true
question,Proin risus.,password123,true,true
question,Nullam porttitor lacus at turpis.,password123,true,false
material,Donec vitae nisi.,password123,true,true
question,Praesent blandit lacinia erat.,password123,true,true
question,Nullam sit amet turpis elementum ligula vehicula consequat.,password123,false,true
assignment,Vestibulum ac est lacinia nisi venenatis tristique.,password123,true,false
announcement,"Quisque erat eros, viverra eget, congue eget, semper rutrum, nulla.",password123,true,true
question,Nulla ut erat id mauris vulputate elementum.,password123,false,true
announcement,Aenean fermentum.,password123,true,false
question,Ut tellus.,password123,false,true
assignment,"Integer pede justo, lacinia eget, tincidunt eget, tempus vel, pede.",password123,true,true
material,Vestibulum sed magna at nunc commodo placerat.,password123,true,true
material,In eleifend quam a odio.,password123,true,true
question,Morbi non quam nec dui luctus rutrum.,password123,false,false
material,"Cum sociis natoque penatibus et magnis dis parturient montes, nascetur ridiculus mus.",password123,true,false
material,Sed ante.,password123,false,false
question,Phasellus sit amet erat.,password123,false,true
announcement,Nulla facilisi.,password123,true,false
question,"Vestibulum ante ipsum primis in faucibus orci luctus et ultrices posuere cubilia Curae; Donec pharetra, magna vestibulum aliquet ultrices, erat tortor sollicitudin mi, sit amet lobortis sapien sapien non mi.",password123,false,false
material,In hac habitasse platea dictumst.,password123,false,true
assignment,Etiam justo.,password123,true,false
announcement,In hac habitasse platea dictumst.,password123,true,true
announcement,Duis aliquam convallis nunc.,password123,false,true
assignment,Fusce consequat.,password123,false,false
announcement,In hac habitasse platea dictumst.,password123,true,false
material,In hac habitasse platea dictumst.,password123,false,false
assignment,Nullam porttitor lacus at turpis.,password123,false,true
assignment,Mauris sit amet eros.,password123,true,false
announcement,Donec ut mauris eget massa tempor convallis.,password123,false,true
question,Fusce consequat.,password123,false,true
assignment,Nulla ut erat id mauris vulputate elementum.,password123,false,true
material,Quisque porta volutpat erat.,password123,false,false
announcement,"Nulla neque libero, convallis eget, eleifend luctus, ultricies eu, nibh.",password123,false,true
material,Vivamus tortor.,password123,true,false
assignment,Sed accumsan felis.,password123,false,false
material,Fusce posuere felis sed lacus.,password123,true,false
material,Integer non velit.,password123,true,true
assignment,"Cras mi pede, malesuada in, imperdiet et, commodo vulputate, justo.",password123,false,true
question,Phasellus in felis.,password123,false,false
question,In blandit ultrices enim.,password123,false,false
question,Fusce posuere felis sed lacus.,password123,true,true
material,"Morbi vestibulum, velit id pretium iaculis, diam erat fermentum justo, nec condimentum neque sapien placerat ante.",password123,true,false
material,"Donec odio justo, sollicitudin ut, suscipit a, feugiat et, eros.",password123,false,true
announcement,Sed ante.,password123,false,false
question,"Lorem ipsum dolor sit amet, consectetuer adipiscing elit.",password123,false,false
material,"Vivamus metus arcu, adipiscing molestie, hendrerit at, vulputate vitae, nisl.",password123,false,true
material,"Quisque arcu libero, rutrum ac, lobortis vel, dapibus at, diam.",password123,false,false
question,Nulla tempus.,password123,true,true
assignment,"In tempor, turpis nec euismod scelerisque, quam turpis adipiscing lorem, vitae mattis nibh ligula nec sem.",password123,true,true
assignment,"Vestibulum ante ipsum primis in faucibus orci luctus et ultrices posuere cubilia Curae; Donec pharetra, magna vestibulum aliquet ultrices, erat tortor sollicitudin mi, sit amet lobortis sapien sapien non mi.",password123,true,false
assignment,Nulla ut erat id mauris vulputate elementum.,password123,true,false
assignment,Nulla ac enim.,password123,false,true
announcement,Duis bibendum.,password123,true,true
assignment,"Maecenas tristique, est et tempus semper, est quam pharetra magna, ac consequat metus sapien ut nunc.",password123,true,true
announcement,Praesent blandit lacinia erat.,password123,false,false
question,Integer ac neque.,password123,true,true
assignment,Vivamus tortor.,password123,true,false
